{
    "accuracy": 0.9886708245122161,
    "macro_f1": 0.988150731781418,
    "per_class_precision": {
        "Apple___Apple_scab": 0.9881656804733728,
        "Apple___Black_rot": 0.9920159680638723,
        "Apple___Cedar_apple_rust": 1.0,
        "Apple___healthy": 0.9940357852882704,
        "Blueberry___healthy": 0.9977973568281938,
        "Cherry_(including_sour)___Powdery_mildew": 0.9976303317535545,
        "Cherry_(including_sour)___healthy": 1.0,
        "Corn_(maize)___Cercospora_leaf_spot Gray_leaf_spot": 0.959866220735786,
        "Corn_(maize)___Common_rust_": 1.0,
        "Corn_(maize)___Northern_Leaf_Blight": 0.9432048681541582,
        "Corn_(maize)___healthy": 1.0,
        "Grape___Black_rot": 0.9957716701902748,
        "Grape___Esca_(Black_Measles)": 0.9979123173277662,
        "Grape___Leaf_blight_(Isariopsis_Leaf_Spot)": 1.0,
        "Grape___healthy": 0.9976415094339622,
        "Orange___Haunglongbing_(Citrus_greening)": 1.0,
        "Peach___Bacterial_spot": 0.9978070175438597,
        "Peach___healthy": 0.9930875576036866,
        "Pepper,_bell___Bacterial_spot": 0.9958246346555324,
        "Pepper,_bell___healthy": 0.9959514170040485,
        "Potato___Early_blight": 1.0,
        "Potato___Late_blight": 0.9979296066252588,
        "Potato___healthy": 0.9978070175438597,
        "Raspberry___healthy": 0.9933035714285714,
        "Soybean___healthy": 0.9960474308300395,
        "Squash___Powdery_mildew": 0.9977011494252873,
        "Strawberry___Leaf_scorch": 0.9955156950672646,
        "Strawberry___healthy": 1.0,
        "Tomato___Bacterial_spot": 0.9790209790209791,
        "Tomato___Early_blight": 0.972457627118644,
        "Tomato___Late_blight": 0.9639830508474576,
        "Tomato___Leaf_Mold": 0.9914529914529915,
        "Tomato___Septoria_leaf_spot": 0.9785714285714285,
        "Tomato___Spider_mites Two-spotted_spider_mite": 0.9487750556792873,
        "Tomato___Target_Spot": 0.928416485900217,
        "Tomato___Tomato_Yellow_Leaf_Curl_Virus": 0.9938900203665988,
        "Tomato___Tomato_mosaic_virus": 0.9888641425389755,
        "Tomato___healthy": 0.9893617021276596
    },
    "per_class_recall": {
        "Apple___Apple_scab": 0.9940476190476191,
        "Apple___Black_rot": 1.0,
        "Apple___Cedar_apple_rust": 1.0,
        "Apple___healthy": 0.9960159362549801,
        "Blueberry___healthy": 0.9977973568281938,
        "Cherry_(including_sour)___Powdery_mildew": 1.0,
        "Cherry_(including_sour)___healthy": 0.993421052631579,
        "Corn_(maize)___Cercospora_leaf_spot Gray_leaf_spot": 0.9111111111111111,
        "Corn_(maize)___Common_rust_": 1.0,
        "Corn_(maize)___Northern_Leaf_Blight": 0.9748427672955975,
        "Corn_(maize)___healthy": 1.0,
        "Grape___Black_rot": 0.9978813559322034,
        "Grape___Esca_(Black_Measles)": 0.9958333333333333,
        "Grape___Leaf_blight_(Isariopsis_Leaf_Spot)": 0.9976744186046511,
        "Grape___healthy": 1.0,
        "Orange___Haunglongbing_(Citrus_greening)": 0.9980119284294234,
        "Peach___Bacterial_spot": 0.9912854030501089,
        "Peach___healthy": 0.9976851851851852,
        "Pepper,_bell___Bacterial_spot": 0.997907949790795,
        "Pepper,_bell___healthy": 0.9899396378269618,
        "Potato___Early_blight": 0.9958762886597938,
        "Potato___Late_blight": 0.9938144329896907,
        "Potato___healthy": 0.9978070175438597,
        "Raspberry___healthy": 1.0,
        "Soybean___healthy": 0.998019801980198,
        "Squash___Powdery_mildew": 1.0,
        "Strawberry___Leaf_scorch": 1.0,
        "Strawberry___healthy": 0.9978070175438597,
        "Tomato___Bacterial_spot": 0.9882352941176471,
        "Tomato___Early_blight": 0.95625,
        "Tomato___Late_blight": 0.9827213822894169,
        "Tomato___Leaf_Mold": 0.9872340425531915,
        "Tomato___Septoria_leaf_spot": 0.9426605504587156,
        "Tomato___Spider_mites Two-spotted_spider_mite": 0.9793103448275862,
        "Tomato___Target_Spot": 0.936542669584245,
        "Tomato___Tomato_Yellow_Leaf_Curl_Virus": 0.9959183673469387,
        "Tomato___Tomato_mosaic_virus": 0.9910714285714286,
        "Tomato___healthy": 0.9667359667359667
    }
}