{
    "loss": [
        0.4744093716144562,
        0.26673054695129395,
        0.22381480038166046
    ],
    "accuracy": [
        0.8802323937416077,
        0.9274439215660095,
        0.9396654367446899
    ],
    "val_loss": [
        0.1602243334054947,
        0.1305859088897705,
        0.12479280680418015
    ],
    "val_accuracy": [
        0.9552555084228516,
        0.9629799127578735,
        0.9687589406967163
    ]
}