{
    "loss": [
        0.11302328109741211,
        0.07789082825183868,
        0.0645236074924469,
        0.05471256747841835,
        0.048304297029972076,
        0.043915219604969025,
        0.0422312393784523,
        0.03755641728639603,
        0.03588372468948364,
        0.031779929995536804,
        0.0307264756411314,
        0.027546172961592674,
        0.027357302606105804,
        0.0248714629560709,
        0.025050759315490723
    ],
    "accuracy": [
        0.9656109809875488,
        0.9745123386383057,
        0.9791920185089111,
        0.9822974801063538,
        0.9839575290679932,
        0.9852168560028076,
        0.9855173826217651,
        0.9874780178070068,
        0.9878071546554565,
        0.9889806509017944,
        0.9893240928649902,
        0.9905261993408203,
        0.9903687834739685,
        0.9913276433944702,
        0.9917569160461426
    ],
    "val_loss": [
        0.06636498123407364,
        0.0576825775206089,
        0.05340970680117607,
        0.05175704136490822,
        0.05010762810707092,
        0.0516236312687397,
        0.0490461140871048,
        0.04746297001838684,
        0.04823491722345352,
        0.0485617071390152,
        0.04567892849445343,
        0.046284519135951996,
        0.045043837279081345,
        0.04673043265938759,
        0.04503265395760536
    ],
    "val_accuracy": [
        0.9817474484443665,
        0.9835212230682373,
        0.9847227931022644,
        0.9847800135612488,
        0.9862676858901978,
        0.9855810403823853,
        0.9868398308753967,
        0.9872975945472717,
        0.9876981377601624,
        0.987640917301178,
        0.9878697991371155,
        0.9878125786781311,
        0.9883275032043457,
        0.9878125786781311,
        0.988670825958252
    ]
}