{
    "accuracy": 0.9687589403215655,
    "macro_f1": 0.9679648008708884,
    "per_class_precision": {
        "Apple___Apple_scab": 0.9681274900398407,
        "Apple___Black_rot": 0.98989898989899,
        "Apple___Cedar_apple_rust": 0.9841269841269841,
        "Apple___healthy": 0.980276134122288,
        "Blueberry___healthy": 0.9955357142857143,
        "Cherry_(including_sour)___Powdery_mildew": 0.9813519813519813,
        "Cherry_(including_sour)___healthy": 0.9846827133479212,
        "Corn_(maize)___Cercospora_leaf_spot Gray_leaf_spot": 0.9363957597173145,
        "Corn_(maize)___Common_rust_": 0.9957894736842106,
        "Corn_(maize)___Northern_Leaf_Blight": 0.8949416342412452,
        "Corn_(maize)___healthy": 1.0,
        "Grape___Black_rot": 0.9788135593220338,
        "Grape___Esca_(Black_Measles)": 0.9812108559498957,
        "Grape___Leaf_blight_(Isariopsis_Leaf_Spot)": 0.9862385321100917,
        "Grape___healthy": 0.9929577464788732,
        "Orange___Haunglongbing_(Citrus_greening)": 1.0,
        "Peach___Bacterial_spot": 0.9827213822894169,
        "Peach___healthy": 0.9907192575406032,
        "Pepper,_bell___Bacterial_spot": 0.9793388429752066,
        "Pepper,_bell___healthy": 0.9978947368421053,
        "Potato___Early_blight": 0.9958071278825996,
        "Potato___Late_blight": 0.9486166007905138,
        "Potato___healthy": 0.990990990990991,
        "Raspberry___healthy": 0.9758241758241758,
        "Soybean___healthy": 0.9863013698630136,
        "Squash___Powdery_mildew": 0.9954128440366973,
        "Strawberry___Leaf_scorch": 0.9977426636568849,
        "Strawberry___healthy": 0.9977477477477478,
        "Tomato___Bacterial_spot": 0.9530516431924883,
        "Tomato___Early_blight": 0.9092827004219409,
        "Tomato___Late_blight": 0.8971774193548387,
        "Tomato___Leaf_Mold": 0.9498956158663883,
        "Tomato___Septoria_leaf_spot": 0.9536082474226805,
        "Tomato___Spider_mites Two-spotted_spider_mite": 0.910958904109589,
        "Tomato___Target_Spot": 0.8247422680412371,
        "Tomato___Tomato_Yellow_Leaf_Curl_Virus": 0.9756592292089249,
        "Tomato___Tomato_mosaic_virus": 0.9819819819819819,
        "Tomato___healthy": 0.9738562091503268
    },
    "per_class_recall": {
        "Apple___Apple_scab": 0.9642857142857143,
        "Apple___Black_rot": 0.9859154929577465,
        "Apple___Cedar_apple_rust": 0.9863636363636363,
        "Apple___healthy": 0.9900398406374502,
        "Blueberry___healthy": 0.9823788546255506,
        "Cherry_(including_sour)___Powdery_mildew": 1.0,
        "Cherry_(including_sour)___healthy": 0.9868421052631579,
        "Corn_(maize)___Cercospora_leaf_spot Gray_leaf_spot": 0.8412698412698413,
        "Corn_(maize)___Common_rust_": 0.9916142557651991,
        "Corn_(maize)___Northern_Leaf_Blight": 0.9643605870020965,
        "Corn_(maize)___healthy": 0.9935483870967742,
        "Grape___Black_rot": 0.9788135593220338,
        "Grape___Esca_(Black_Measles)": 0.9791666666666666,
        "Grape___Leaf_blight_(Isariopsis_Leaf_Spot)": 1.0,
        "Grape___healthy": 1.0,
        "Orange___Haunglongbing_(Citrus_greening)": 0.9940357852882704,
        "Peach___Bacterial_spot": 0.9912854030501089,
        "Peach___healthy": 0.9884259259259259,
        "Pepper,_bell___Bacterial_spot": 0.9916317991631799,
        "Pepper,_bell___healthy": 0.9537223340040242,
        "Potato___Early_blight": 0.979381443298969,
        "Potato___Late_blight": 0.9896907216494846,
        "Potato___healthy": 0.9649122807017544,
        "Raspberry___healthy": 0.9977528089887641,
        "Soybean___healthy": 0.998019801980198,
        "Squash___Powdery_mildew": 1.0,
        "Strawberry___Leaf_scorch": 0.9954954954954955,
        "Strawberry___healthy": 0.9714912280701754,
        "Tomato___Bacterial_spot": 0.9552941176470588,
        "Tomato___Early_blight": 0.8979166666666667,
        "Tomato___Late_blight": 0.9611231101511879,
        "Tomato___Leaf_Mold": 0.9680851063829787,
        "Tomato___Septoria_leaf_spot": 0.8486238532110092,
        "Tomato___Spider_mites Two-spotted_spider_mite": 0.9172413793103448,
        "Tomato___Target_Spot": 0.87527352297593,
        "Tomato___Tomato_Yellow_Leaf_Curl_Virus": 0.9816326530612245,
        "Tomato___Tomato_mosaic_virus": 0.9732142857142857,
        "Tomato___healthy": 0.9293139293139293
    }
}