{
    "loss": [
        1.3414056301116943,
        0.5887734293937683,
        0.4124089479446411,
        0.31683406233787537,
        0.26480725407600403,
        0.2286147028207779,
        0.2045961618423462,
        0.18048276007175446,
        0.17733284831047058,
        0.15727584064006805
    ],
    "accuracy": [
        0.6035605669021606,
        0.8158335089683533,
        0.8706584572792053,
        0.899179995059967,
        0.9164102673530579,
        0.9289036393165588,
        0.9370322227478027,
        0.9445597529411316,
        0.9468923807144165,
        0.9532607197761536
    ],
    "val_loss": [
        0.4514142870903015,
        0.31761041283607483,
        0.22325527667999268,
        0.2853792905807495,
        0.21001115441322327,
        0.1939496397972107,
        0.33023887872695923,
        0.2798728942871094,
        0.22504651546478271,
        0.2962381839752197
    ],
    "val_accuracy": [
        0.8609029054641724,
        0.8968358635902405,
        0.9293357133865356,
        0.9110831618309021,
        0.9300222992897034,
        0.9403215646743774,
        0.9083366990089417,
        0.9283629655838013,
        0.9409509897232056,
        0.9341992139816284
    ]
}