{
    "accuracy": 0.9341992332780226,
    "macro_f1": 0.9332962415246081,
    "per_class_precision": {
        "Apple___Apple_scab": 0.9214145383104125,
        "Apple___Black_rot": 0.97,
        "Apple___Cedar_apple_rust": 0.9590909090909091,
        "Apple___healthy": 0.896421845574388,
        "Blueberry___healthy": 0.9074446680080482,
        "Cherry_(including_sour)___Powdery_mildew": 0.9348314606741573,
        "Cherry_(including_sour)___healthy": 0.9846153846153847,
        "Corn_(maize)___Cercospora_leaf_spot Gray_leaf_spot": 0.9351145038167938,
        "Corn_(maize)___Common_rust_": 0.9916317991631799,
        "Corn_(maize)___Northern_Leaf_Blight": 0.8471454880294659,
        "Corn_(maize)___healthy": 0.9977924944812362,
        "Grape___Black_rot": 0.9594017094017094,
        "Grape___Esca_(Black_Measles)": 0.96875,
        "Grape___Leaf_blight_(Isariopsis_Leaf_Spot)": 0.9975728155339806,
        "Grape___healthy": 0.9229074889867841,
        "Orange___Haunglongbing_(Citrus_greening)": 0.9819277108433735,
        "Peach___Bacterial_spot": 0.9894459102902374,
        "Peach___healthy": 0.9722222222222222,
        "Pepper,_bell___Bacterial_spot": 0.956221198156682,
        "Pepper,_bell___healthy": 0.9216061185468452,
        "Potato___Early_blight": 0.9810924369747899,
        "Potato___Late_blight": 0.8523985239852399,
        "Potato___healthy": 0.9662162162162162,
        "Raspberry___healthy": 0.9922879177377892,
        "Soybean___healthy": 0.9855072463768116,
        "Squash___Powdery_mildew": 0.9619686800894854,
        "Strawberry___Leaf_scorch": 0.959731543624161,
        "Strawberry___healthy": 0.9348739495798319,
        "Tomato___Bacterial_spot": 0.9667519181585678,
        "Tomato___Early_blight": 0.8259958071278826,
        "Tomato___Late_blight": 0.858139534883721,
        "Tomato___Leaf_Mold": 0.9116379310344828,
        "Tomato___Septoria_leaf_spot": 0.8155555555555556,
        "Tomato___Spider_mites Two-spotted_spider_mite": 0.8767441860465116,
        "Tomato___Target_Spot": 0.7861386138613862,
        "Tomato___Tomato_Yellow_Leaf_Curl_Virus": 0.9646569646569647,
        "Tomato___Tomato_mosaic_virus": 0.9689578713968958,
        "Tomato___healthy": 0.9461077844311377
    },
    "per_class_recall": {
        "Apple___Apple_scab": 0.9305555555555556,
        "Apple___Black_rot": 0.9758551307847082,
        "Apple___Cedar_apple_rust": 0.9590909090909091,
        "Apple___healthy": 0.9482071713147411,
        "Blueberry___healthy": 0.9933920704845814,
        "Cherry_(including_sour)___Powdery_mildew": 0.9881235154394299,
        "Cherry_(including_sour)___healthy": 0.9824561403508771,
        "Corn_(maize)___Cercospora_leaf_spot Gray_leaf_spot": 0.7777777777777778,
        "Corn_(maize)___Common_rust_": 0.9937106918238994,
        "Corn_(maize)___Northern_Leaf_Blight": 0.9643605870020965,
        "Corn_(maize)___healthy": 0.9720430107526882,
        "Grape___Black_rot": 0.951271186440678,
        "Grape___Esca_(Black_Measles)": 0.96875,
        "Grape___Leaf_blight_(Isariopsis_Leaf_Spot)": 0.9558139534883721,
        "Grape___healthy": 0.9905437352245863,
        "Orange___Haunglongbing_(Citrus_greening)": 0.9721669980119284,
        "Peach___Bacterial_spot": 0.8169934640522876,
        "Peach___healthy": 0.9722222222222222,
        "Pepper,_bell___Bacterial_spot": 0.8682008368200836,
        "Pepper,_bell___healthy": 0.9698189134808853,
        "Potato___Early_blight": 0.9628865979381444,
        "Potato___Late_blight": 0.9525773195876288,
        "Potato___healthy": 0.9407894736842105,
        "Raspberry___healthy": 0.8674157303370786,
        "Soybean___healthy": 0.9425742574257425,
        "Squash___Powdery_mildew": 0.9907834101382489,
        "Strawberry___Leaf_scorch": 0.9662162162162162,
        "Strawberry___healthy": 0.9758771929824561,
        "Tomato___Bacterial_spot": 0.8894117647058823,
        "Tomato___Early_blight": 0.8208333333333333,
        "Tomato___Late_blight": 0.796976241900648,
        "Tomato___Leaf_Mold": 0.9,
        "Tomato___Septoria_leaf_spot": 0.841743119266055,
        "Tomato___Spider_mites Two-spotted_spider_mite": 0.8666666666666667,
        "Tomato___Target_Spot": 0.8687089715536105,
        "Tomato___Tomato_Yellow_Leaf_Curl_Virus": 0.9469387755102041,
        "Tomato___Tomato_mosaic_virus": 0.9754464285714286,
        "Tomato___healthy": 0.9854469854469855
    }
}